?primaryID	?secondaryID
Q21106402	Q7670082
Q21106493	Q4059410
Q21107260	Q17174381
Q7667890	Q21111792
Q7671461	Q21107794
Q7684469	Q21106680
Q7686858	Q21124325
Q7865201	Q21122914
Q7900869	Q21139408
Q7922674	Q21105699
Q7941454	Q21111464
Q8072290	Q21113602
Q12752331	Q21113430
Q18043095	Q7907068
Q18043095	Q11224228
Q21096399	Q7572125
Q14913250	Q21113275
Q21104825	Q21107946
Q21103399	Q21143071
Q21103420	Q21149418
Q21118320	Q168294
Q21119955	Q47450720
Q21139972	Q21423339
Q21140051	Q21433446
Q21146160	Q21978864
Q21151033	Q21443833
Q4652604	Q21111344
Q4807720	Q21109474
Q4897318	Q21112861
Q5007390	Q21108393
Q5008266	Q21108311
Q5008826	Q21112944
Q5009796	Q21114010
Q5009824	Q21109691
Q5009846	Q21100600
Q5011104	Q21114956
Q5011707	Q21110512
Q5013459	Q21111977
Q5014192	Q28208893
Q5014587	Q21116880
Q5014882	Q21112073
Q5014947	Q21110758
Q5019078	Q14906727
Q5055040	Q21110573
Q5104531	Q21102368
Q21108566	Q18378646
Q21173381	Q21144528
Q5198270	Q21100446
Q5204455	Q21105102
Q5205770	Q21431298
Q5323823	Q21106390
Q5394965	Q21110307
Q5408693	Q21112344
Q5425457	Q21106100
Q5458076	Q21101455
Q5507033	Q21107510
Q5513074	Q21118199
Q5630986	Q21111376
Q5657577	Q21103438
Q5657580	Q21103447
Q5804960	Q21130087
Q6393585	Q21118506
Q6393588	Q21113483
Q6717778	Q21105827
Q6719107	Q21124811
Q6901317	Q21109460
Q6951383	Q21110437
Q6981561	Q21126327
Q7002385	Q21118852
Q7050954	Q21121364
Q7062526	Q21124902
Q7120326	Q21108164
Q7240673	Q39798
Q7240673	Q12957582
Q7240673	Q14761980
Q7240673	Q21143151
Q7240673	Q21170141
Q7240673	Q50265662
Q7240673	Q55185285
Q7240673	Q60495072
Q7273289	Q21102147
Q7310692	Q21125129
Q7317662	Q21111392
Q7392809	Q21137689
Q21101832	Q21151882
Q63398	Q21121611
Q171604	Q2807187
Q171604	Q21112208
Q205042	Q21150873
Q205042	Q25381217
Q223739	Q14851958
Q267200	Q539836
Q267200	Q12472130
Q267200	Q21422696
Q267200	Q66134617
Q288382	Q21119133
Q305481	Q18026453
Q305481	Q21097127
Q308856	Q21110870
Q356062	Q21418917
Q408305	Q21110733
Q408712	Q21106291
Q409450	Q21097211
Q409450	Q21142063
Q410485	Q21115114
Q412483	Q21111999
Q413766	Q21143305
Q413988	Q59992226
Q415364	Q21124279
Q416481	Q21115030
Q419337	Q21112230
Q419337	Q85971025
Q419613	Q107231485
Q419983	Q5628933
Q419999	Q10384282
Q419999	Q85968405
Q420038	Q5572358
Q420267	Q21115374
Q421491	Q21110305
Q423510	Q21116133
Q425149	Q21115312
Q648315	Q21112669
Q798033	Q21113031
Q903924	Q21428952
Q907394	Q109044311
Q1198053	Q21115220
Q1500003	Q21110388
Q1620739	Q21116446
Q1634046	Q21104778
Q2034004	Q21116161
Q2045854	Q21106467
Q2067372	Q21121628
Q2100344	Q15997020
Q2100344	Q24783166
Q2248886	Q24720328
Q2248886	Q66563523
Q2630678	Q21114004
Q2640417	Q21113869
Q2805224	Q14914440
Q2807192	Q21112209
Q3067052	Q21106377
Q3162114	Q21116054
Q3357478	Q16777440
Q3357478	Q21151403
Q3486853	Q21108031
Q3648609	Q21114019
Q3714578	Q21111780
Q3780451	Q21118490
Q3931282	Q21426387
Q4035579	Q21118484
Q4042017	Q21120514
Q4046253	Q21130825
Q4210020	Q21110735
Q4236472	Q21149679
Q4253573	Q21109185
Q4262879	Q21120743
Q4377404	Q21116178
Q21119955	Q47450720
Q21139809	Q21431178
Q21139972	Q21423339
Q21140051	Q21433446
Q21978995	Q61742410
Q27205	Q26998033
Q27205	Q60644171
Q27205	Q65284978
Q413988	Q59992226
Q2248886	Q24720328
Q2248886	Q66563523
Q21118989	Q21149475
Q21119386	Q6954448
Q21119386	Q97189846
Q21146160	Q21978864
Q21123249	Q7117957
Q21120577	Q25377274
Q21110156	Q56297444
Q21149776	Q21418962
Q21112873	Q21137183
Q21150540	Q21422932
Q21151033	Q21443833
Q21113461	Q30590048
Q21113921	Q5009613
Q21114131	Q21141338
Q21123847	Q7275769
Q21116246	Q74547753
Q21124666	Q15997228
Q21125277	Q21149440
Q21117869	Q21433491
Q21118320	Q168294
Q21131467	Q6951497
Q21132760	Q3631697
Q21116645	Q21149262
Q21116691	Q3071333
Q21116862	Q289383
Q21117052	Q21140160
Q21117569	Q21435710
Q21134841	Q65077631
Q21171466	Q21985938
Q21173381	Q21144528
Q21978995	Q61742410
Q22676983	Q39096900
Q60315441	Q422281
Q60315441	Q14862709
Q21137455	Q22676734
Q21139524	Q21432890
Q21140783	Q21428375
Q21142483	Q21433548
Q21151146	Q21431329
Q15312073	Q16252582
Q21117731	Q21201121
Q285613	Q12495913
Q285613	Q21115057
Q288591	Q9602575
Q288591	Q21104785
Q386664	Q5854424
Q386664	Q12840734
Q386664	Q21110765
Q386664	Q27094281
Q408499	Q21436527
Q408499	Q25401136
Q409114	Q21117556
Q409532	Q2756097
Q409532	Q6125081
Q412587	Q14865405
Q412587	Q21109684
Q413243	Q21117354
Q415624	Q21123269
Q415718	Q21113162
Q417782	Q21118844
Q419611	Q21116848
Q420012	Q14864836
Q420012	Q21604257
Q420678	Q21109143
Q423561	Q21117847
Q423660	Q14865496
Q423660	Q21100971
Q423698	Q12390704
Q423701	Q3064154
Q423701	Q5854414
Q423701	Q25616074
Q424716	Q2584349
Q424716	Q21116090
Q587961	Q21109183
Q21116744	Q96371246
Q21116906	Q7002152
Q21117459	Q21139672
Q21113163	Q5014891
Q21113597	Q21141808
Q21114000	Q5009620
Q21114206	Q21146126
Q21114547	Q67791424
Q21114769	Q6457647
Q21114915	Q273144
Q21114915	Q12988593
Q21114959	Q5630191
Q21114959	Q21114957
Q21114959	Q21245857
Q21115319	Q4654807
Q21122300	Q6710274
Q21119777	Q5635984
Q21125189	Q29474717
Q909409	Q21111119
Q1190762	Q21114015
Q1500000	Q21114278
Q1500005	Q21109810
Q1665322	Q5973584
Q1947065	Q21116934
Q2041084	Q21111938
Q2587862	Q21429203
Q2663095	Q10357996
Q2663095	Q21423044
Q2850113	Q21122863
Q2872459	Q4826349
Q3271142	Q21110738
Q3648585	Q5009616
Q3648605	Q5009783
Q4032890	Q21113737
Q4036897	Q21096455
Q4037945	Q21110438
Q4044834	Q21108484
Q4044941	Q21116152
Q4046167	Q21108483
Q4046258	Q16539602
Q4046258	Q21117334
Q4050614	Q14914327
Q4216825	Q21113032
Q4219506	Q21113499
Q4420082	Q21127162
Q4634197	Q21105035
Q4650908	Q21115387
Q4681402	Q21113616
Q4835575	Q21100277
Q4875407	Q21100283
Q4941566	Q5611741
Q5009348	Q21140461
Q5009816	Q21114009
Q5014877	Q21112076
Q5014895	Q21113102
Q5014953	Q21110739
Q5023949	Q21111859
Q5052480	Q21105611
Q5123372	Q12746054
Q5204362	Q21118073
Q5205795	Q21101118
Q5322375	Q21111378
Q5323837	Q21106314
Q21117731	Q21201121
Q21130855	Q4651785
Q21132190	Q5427395
Q21133111	Q29475737
Q21133978	Q55636121
Q21125584	Q7866799
Q21126199	Q7277575
Q21124446	Q18356744
Q21124647	Q4637076
Q21124742	Q21149124
Q21120778	Q3242152
Q21120998	Q30017814
Q21137455	Q22676734
Q21138907	Q21426389
Q21139524	Q21432890
Q21140783	Q21428375
Q21141343	Q4649905
Q21141343	Q21104952
Q21141708	Q5969318
Q21141708	Q21433518
Q21142483	Q21433548
Q5425477	Q21433494
Q5426962	Q21101516
Q5426962	Q21138566
Q5427209	Q21118166
Q5513081	Q21106156
Q5514565	Q21115377
Q5635988	Q21141786
Q5693330	Q21125175
Q5804963	Q21102577
Q5918988	Q6047044
Q5918988	Q21111063
Q5974836	Q21112345
Q6055405	Q21125854
Q6055408	Q21124919
Q6095654	Q21172587
Q6327043	Q21119862
Q6393584	Q21113482
Q6393591	Q21115081
Q6393599	Q21112619
Q6714406	Q113192060
Q6714519	Q21107986
Q6917575	Q21116361
Q6917578	Q21110387
Q6917579	Q21111366
Q7002766	Q21106580
Q7092131	Q21121783
Q7119501	Q21110104
Q7162516	Q5124835
Q7187891	Q21114058
Q7259542	Q21122593
Q7259543	Q21113116
Q7275807	Q21101588
Q7276719	Q21101936
Q7276719	Q21143549
Q7316802	Q21124369
Q7390782	Q21124429
Q7390803	Q21109033
Q7390849	Q21100932
Q7660502	Q21115607
Q7671464	Q21121698
Q7671468	Q21125492
Q7671479	Q21140261
Q7671489	Q21123483
Q7671495	Q21141549
Q7671499	Q21123485
Q7699503	Q21100325
Q9020944	Q21113792
Q9020944	Q21138631
Q11071075	Q21136228
Q11938629	Q21124840
Q12746346	Q21149319
Q13561329	Q13569356
Q21151146	Q21431329
Q14907288	Q21130559
Q16866853	Q21149876
Q21101297	Q5424425
Q21100286	Q21428209
Q21143401	Q21418964
Q21145188	Q21170546
Q21147426	Q21438163
Q21172800	Q5514310
Q21105191	Q4652994
Q21102119	Q21116807
Q21103345	Q1562833
Q21103429	Q5972365
Q21105900	Q65067627
Q21204276	Q6330440
Q22677369	Q5012447
Q23301892	Q7072841
Q4032933	Q18016425
Q4032933	Q20727401
Q21134444	Q21140070
Q21136142	Q65070413
Q21140676	Q21431324
Q21149606	Q21438541
Q21151736	Q21422920
Q21172202	Q5009609
Q21174723	Q7275716
Q410974	Q66599000
Q21127112	Q50693458
Q21135625	Q7540969
Q21139165	Q21433530
Q21139981	Q21422644
Q21140267	Q21441771
Q21141761	Q21433473
Q21149193	Q21418982
Q21115039	Q77919152
Q21118065	Q21151630
Q21118607	Q29474328
Q21118822	Q6720390
Q8965126	Q21117209
Q14904318	Q21120480
Q21119460	Q13033731
Q21119654	Q28502144
Q21116525	Q21136973
Q21117357	Q21117378
Q21117620	Q21434412
Q21117724	Q21436454
Q21117780	Q21439297
Q21117863	Q21440212
Q21117945	Q21444091
Q22676900	Q4208117
Q22683580	Q22675369
Q21124841	Q111051453
Q15319708	Q21105282
Q15330067	Q21124290
Q20180797	Q21135112
Q21096438	Q5323090
Q21121716	Q67790826
Q21121755	Q11788398
Q21101424	Q29533373
Q21102276	Q5008170
Q21102621	Q109314595
Q21103140	Q5513670
Q21104958	Q6951422
Q21133717	Q24725165
Q21134444	Q21140070
Q21134524	Q97359321
Q21112082	Q5014884
Q21112670	Q67216826
Q21113486	Q29474538
Q21111943	Q5122819
Q21112077	Q5014878
Q21139471	Q21431348
Q21135986	Q7434135
Q21136142	Q65070413
Q21108560	Q1761596
Q21108798	Q21143587
Q21113933	Q5009617
Q21113988	Q5009622
Q21114021	Q7670382
Q21114500	Q19904161
Q21114649	Q7394655
Q21140676	Q21431324
Q21149606	Q21438541
Q21137320	Q21433493
Q21144907	Q21424991
Q21172202	Q5009609
Q21151736	Q21422920
Q92594	Q21121778
Q301630	Q21104939
Q302495	Q21097199
Q311568	Q21119132
Q408186	Q11739424
Q409646	Q21124610
Q410434	Q7281995
Q410434	Q21109188
Q410784	Q21096426
Q413209	Q21123484
Q416356	Q6055532
Q416356	Q21109600
Q417867	Q21110301
Q419553	Q21113030
Q420522	Q21123612
Q422025	Q4723824
Q21979550	Q65070695
Q423572	Q21111128
Q423628	Q21139213
Q423628	Q21431295
Q424422	Q21111014
Q424724	Q16634060
Q424724	Q65255169
Q426168	Q21112330
Q426648	Q18026876
Q426648	Q21109535
Q511968	Q14911730
Q511968	Q17388674
Q571999	Q21100265
Q683602	Q21117524
Q700004	Q21133349
Q700006	Q21123763
Q858317	Q21117224
Q903909	Q21118884
Q904925	Q21115564
Q905435	Q21117447
Q906517	Q21116533
Q994646	Q21100559
Q1149122	Q3650237
Q1149122	Q21110729
Q1154611	Q21111496
Q1486720	Q21115964
Q1500004	Q21120956
Q1500343	Q21107869
Q1532471	Q15812459
Q1532471	Q85966833
Q1649375	Q21110534
Q1886099	Q21121147
Q1949517	Q21115048
Q1982330	Q21120795
Q2071346	Q21121863
Q2071346	Q109041184
Q2113389	Q21122525
Q2113501	Q12646457
Q2521094	Q21122923
Q2584108	Q5918991
Q2720322	Q21123333
Q2744706	Q21109577
Q2744706	Q21139835
Q3031346	Q21110889
Q3098700	Q10288651
Q3740187	Q21110087
Q3822573	Q21121140
Q4036848	Q21115494
Q4201964	Q21096378
Q4216687	Q21139671
Q4217286	Q21421125
Q4219505	Q21118507
Q4639596	Q21108124
Q4650048	Q21115238
Q4650061	Q21111141
Q4827012	Q21110159
Q4941572	Q21421122
Q4953612	Q21115546
Q5009629	Q21111906
Q5009798	Q21114014
Q5009828	Q21109690
Q5009851	Q21123937
Q5009962	Q21429894
Q5014088	Q21100987
Q5014962	Q21110740
Q5049059	Q21100390
Q5205796	Q21101109
Q5205796	Q21139870
Q5382895	Q22676832
Q5383173	Q21425347
Q5426019	Q21142866
Q5512896	Q21115158
Q5513075	Q21106141
Q5513077	Q21106159
Q5513621	Q21110368
Q5514257	Q21106215
Q5572423	Q21110039
Q5596823	Q21100983
Q5596842	Q22680207
Q5611755	Q21110361
Q5629645	Q21097291
Q5630036	Q21109190
Q5864335	Q21123234
Q6155969	Q21118488
Q6332991	Q21108809
Q6393618	Q21118513
Q6449561	Q21108783
Q6725886	Q21115481
Q6951477	Q7923215
Q6955017	Q21118882
Q7117823	Q21112339
Q7119220	Q21121908
Q7119385	Q21104760
Q7263802	Q21108965
Q7277628	Q21123858
Q7390878	Q21124496
Q7646060	Q21121396
Q7669570	Q21127334
Q7669918	Q21100280
Q7671473	Q21125490
Q7673856	Q21123084
Q7836550	Q21102038
Q7844742	Q21119595
Q7876540	Q21105698
Q22675842	Q5515170
Q22676679	Q85952177
Q65963433	Q65276342
Q21137408	Q21437234
Q21140224	Q21433667
Q21146254	Q21433640
Q21151350	Q21421100
Q21172190	Q4812918
Q4826895	Q18045669
Q21101441	Q21101443
Q22677523	Q5513093
Q22679857	Q15996901
Q21112191	Q5375232
Q21113501	Q2403754
Q21117048	Q21149530
Q21117344	Q96374182
Q21117715	Q21433508
Q21117768	Q21433489
Q21117776	Q21421123
Q21117797	Q21433524
Q21121077	Q3359601
Q21121192	Q7121204
Q74314	Q15633857
Q74314	Q15633863
Q74314	Q15633869
Q74314	Q15633882
Q21113943	Q5009611
Q21114157	Q1124468
Q21114834	Q21117559
Q21118514	Q7670368
Q21118870	Q96394697
Q21119881	Q60754069
Q21119913	Q110458210
Q21120113	Q15836659
Q21111653	Q85766584
Q21115863	Q5324055
Q21116534	Q21145236
Q74581	Q21118202
Q205986	Q3359734
Q205986	Q6947295
Q309513	Q21113417
Q408249	Q85302357
Q409999	Q21107447
Q410105	Q21117499
Q410130	Q16125835
Q410142	Q21121372
Q410974	Q66599000
Q411994	Q21108352
Q411994	Q21137042
Q414232	Q5736932
Q414232	Q21100582
Q415271	Q21104731
Q415271	Q107518688
Q416510	Q21118413
Q417057	Q21110166
Q418097	Q18375926
Q419036	Q21118902
Q419036	Q85971028
Q419774	Q21123782
Q420604	Q21126814
Q422360	Q10342308
Q424042	Q6163158
Q424042	Q114491490
Q424401	Q21431296
Q424401	Q85978228
Q425812	Q21109295
Q517790	Q21428382
Q517897	Q21431340
Q647813	Q21116496
Q812784	Q78438995
Q905442	Q14864883
Q905442	Q21117802
Q905442	Q21431321
Q1024612	Q21113128
Q1058190	Q15315285
Q1225690	Q21431331
Q1407929	Q21115107
Q2356259	Q21107048
Q2480972	Q21112272
Q2830638	Q21097382
Q3450524	Q11312966
Q3450524	Q22678316
Q3555498	Q21119746
Q3609382	Q21115565
Q3648604	Q5736935
Q3648604	Q21107767
Q3648608	Q21122862
Q4035577	Q21114012
Q4035583	Q15315590
Q4044985	Q21120933
Q4046249	Q21112666
Q4049840	Q21150445
Q4201951	Q21107764
Q4201959	Q21107778
Q4215155	Q21108532
Q4649392	Q6469042
Q4649848	Q21426038
Q21124733	Q1381564
Q21125004	Q58670769
Q21126482	Q21141368
Q4649849	Q21431639
Q4650811	Q21106362
Q4650909	Q21110390
Q4651006	Q21105344
Q4651007	Q21105399
Q4652703	Q21111358
Q4734972	Q21115079
Q4812911	Q21105334
Q4890900	Q21119864
Q4897285	Q21116660
Q5005897	Q21431294
Q5005943	Q21116136
Q5009615	Q21113937
Q5014958	Q21110742
Q5049057	Q21139811
Q5052488	Q5052489
Q5052488	Q56409007
Q5145890	Q21102490
Q5145904	Q21138736
Q5153546	Q21116065
Q5201223	Q21114489
Q5201343	Q1959694
Q5201343	Q21110741
Q5383215	Q21112322
Q5513620	Q21101333
Q5521730	Q21114855
Q5550956	Q21124086
Q5628892	Q21113224
Q5629497	Q21120578
Q5630195	Q21120617
Q5635781	Q21115547
Q5657582	Q21130441
Q5731649	Q21106295
Q6046452	Q6046429
Q6393589	Q21113479
Q6459216	Q21121569
Q6481869	Q21102216
Q6554368	Q21110085
Q7118999	Q21123254
Q7119000	Q21119712
Q7119001	Q21102306
Q7201813	Q21121821
Q21127112	Q50693458
Q21132513	Q5009621
Q21137060	Q21418450
Q21123811	Q17146778
Q21133631	Q15997222
Q21139165	Q21433530
Q21134886	Q7076674
Q21135110	Q28538670
Q21135625	Q7540969
Q21143371	Q21433501
Q21144079	Q21433669
Q21139981	Q21422644
Q21139990	Q21435832
Q21140267	Q21441771
Q21140646	Q21424969
Q21141761	Q21433473
Q21142361	Q21421119
Q21154420	Q7278833
Q21155093	Q55611500
Q21149193	Q21418982
Q7265406	Q21112207
Q7275754	Q21108821
Q7277408	Q21118354
Q7389441	Q21127163
Q7455513	Q14891735
Q7670157	Q21118208
Q7670161	Q21112092
Q7671469	Q21121699
Q7671480	Q21149910
Q7671497	Q21123490
Q7671500	Q21123489
Q7834290	Q21126645
Q7901063	Q21125646
Q8042454	Q21112675
Q11721976	Q9594765
Q11907460	Q21116400
Q15316702	Q21104779
Q16991234	Q21136130
Q21173708	Q85952530
Q21174723	Q7275716
Q21107568	Q21149570
Q21979028	Q21436982
Q21109992	Q17146168
Q21110241	Q96377558
Q21101413	Q4317220
Q21101989	Q7390049
Q21105694	Q96374180
Q21106468	Q5322952
Q22676900	Q4208117
Q22680259	Q7206988
Q22683580	Q22675369
Q21137412	Q21173391
Q21139609	Q21438451
Q21143725	Q21433665
Q21172663	Q85966774
Q21115919	Q5514214
Q21117784	Q21434941
Q21118512	Q21137507
Q21118512	Q21139761
Q21118881	Q9048337
Q21119054	Q5628782
Q14865947	Q14865961
Q14866180	Q21433495
Q14889244	Q21114468
Q14891582	Q21120495
Q21122079	Q60825236
Q21123939	Q7670339
Q21124066	Q55625617
Q21124698	Q7865055
Q21135133	Q30589899
Q1069599	Q3776924
Q1069599	Q21113968
Q1437419	Q21114877
Q1437419	Q21150816
Q1499999	Q21124695
Q1738547	Q21127142
Q2058153	Q21120643
Q2398308	Q21121817
Q2399575	Q21102702
Q2420520	Q21126202
Q2458503	Q21104733
Q2739079	Q21109687
Q2907609	Q21100589
Q3141769	Q21109202
Q3408221	Q21145207
Q3408221	Q21429304
Q3492926	Q21111902
Q3698322	Q21111940
Q3721138	Q21106785
Q3799301	Q10303027
Q3799301	Q21107762
Q3799489	Q6047019
Q3820163	Q21112588
Q4047839	Q21115002
Q4048886	Q21124445
Q4292840	Q6013604
Q4393893	Q21100910
Q4649847	Q21426035
Q4650073	Q21118790
Q4652964	Q21097180
Q4653884	Q21109612
Q4654859	Q21115308
Q4734974	Q5390469
Q4734974	Q21116224
Q4845302	Q21116765
Q5009628	Q21111907
Q5009781	Q21101456
Q5009782	Q15315728
Q5009931	Q21111793
Q5322400	Q21105291
Q5381899	Q21123839
Q5401857	Q21107305
Q5419638	Q21114342
Q5446439	Q21101056
Q21130033	Q21149375
Q21130426	Q85762409
Q15323346	Q21108206
Q17027916	Q11330241
Q21100543	Q74663289
Q21100716	Q21112326
Q21101155	Q60573989
Q21136509	Q33093423
Q21137408	Q21437234
Q21132604	Q102145612
Q21101422	Q5439270
Q21101441	Q21101443
Q21102593	Q11066488
Q21138552	Q21433512
Q5629488	Q21111426
Q5657584	Q21131653
Q5945383	Q21150617
Q5971562	Q21113776
Q6103521	Q21108324
Q6155967	Q21112333
Q6393609	Q21113485
Q6393610	Q21117038
Q6414726	Q21113522
Q6714930	Q21107565
Q6714959	Q21113642
Q6716597	Q21109358
Q6783904	Q21123886
Q6954349	Q21120947
Q6981560	Q21137788
Q7072378	Q21109806
Q7118491	Q21108308
Q7169504	Q65162065
Q7205492	Q21115560
Q7250941	Q21120687
Q7251428	Q21107685
Q7275752	Q21124353
Q7275753	Q21110531
Q7276721	Q21112775
Q7322422	Q21126166
Q7372319	Q21119589
Q7390572	Q21119852
Q7390819	Q21140456
Q7394879	Q21115152
Q7543599	Q21097246
Q7632670	Q21110520
Q7670154	Q21116185
Q7864648	Q21123545
Q9626712	Q2083089
Q9626712	Q21106491
Q21134726	Q29474813
Q21110621	Q18378157
Q21111363	Q21141127
Q21111755	Q5049053
Q21111925	Q85795100
Q21109089	Q25052627
Q21109089	Q25054222
Q21109692	Q5009831
Q21139802	Q21418973
Q21140224	Q21433667
Q21140280	Q21428397
Q21141143	Q21436553
Q21108649	Q65056834
Q21119865	Q77395715
Q21120321	Q29475764
Q21146254	Q21433640
Q21149177	Q21418853
Q21150243	Q21424269
Q21150456	Q21422579
Q21150782	Q21416514
Q21150953	Q21431254
Q21142601	Q21433663
Q21151350	Q21421100
Q21154415	Q422277
Q21114193	Q17079179
Q21114772	Q7392574
Q21171691	Q74663316
Q21172190	Q4812918
Q141591	Q21116251
Q258915	Q16109476
Q261483	Q21115833
Q283350	Q21109201
Q288705	Q18218543
Q288705	Q18218544
Q288705	Q21422685
Q379764	Q12825757
Q379764	Q22677479
Q408179	Q21116514
Q409961	Q21109320
Q410444	Q21116000
Q410473	Q21110896
Q410798	Q5864333
Q410798	Q21123221
Q411999	Q21113167
Q412214	Q21111196
Q412310	Q12222383
Q412902	Q14865103
Q412902	Q21119273
Q412902	Q85952187
Q415976	Q21123140
Q416095	Q21121701
Q417801	Q21100550
Q419004	Q17907842
Q420930	Q21112228
Q421651	Q21100460
Q422358	Q21123352
Q424394	Q21117420
Q424519	Q14862701
Q424519	Q21152958
Q424837	Q85966771
Q425201	Q21097380
Q426188	Q14865652
Q426188	Q21112417
Q426194	Q21114086
Q575849	Q21109626
Q575849	Q21150249
Q655541	Q21113159
Q737488	Q21115442
Q798252	Q21416507
Q904241	Q21110102
Q904590	Q21123342
Q909371	Q21118622
Q909371	Q98040628
Q909381	Q3799488
Q22675894	Q5513668
Q22677523	Q5513093
Q22679857	Q15996901
Q2496436	Q16557322
Q2496436	Q84947673
Q21137667	Q21433597
Q21139631	Q21418875
Q21140268	Q21438647
Q21140856	Q21171829
Q21204373	Q29475623
Q21979447	Q21140345
Q21111704	Q28135500
Q21112430	Q5427294
Q21112759	Q21981122
Q21117744	Q21438155
Q21117747	Q21421605
Q21117805	Q21441645
Q21117851	Q21433798
Q21114344	Q21143816
Q21114866	Q3492479
Q21126841	Q85966736
Q21126890	Q21138825
Q21116432	Q6714873
Q21118914	Q21987795
Q21119110	Q21150103
Q21119118	Q21151632
Q21120164	Q65295482
Q21130793	Q2877205
Q21132069	Q5072237
Q21147970	Q21428376
Q21136709	Q33093733
Q21137095	Q21428425
Q21137412	Q21173391
Q21137419	Q21436462
Q21137668	Q21421194
Q21139609	Q21438451
Q21124067	Q55643227
Q21124311	Q5572637
Q4037752	Q21436440
Q4042285	Q21115034
Q4044963	Q21111626
Q4044986	Q21109985
Q4115543	Q21152370
Q4201966	Q21097208
Q4216080	Q21114939
Q4650352	Q21116872
Q4653829	Q21111555
Q4834576	Q21100369
Q4835993	Q21106679
Q4897229	Q21115480
Q4940667	Q21110479
Q5009626	Q21111898
Q5009780	Q21123578
Q5011082	Q21115658
Q5013327	Q21143023
Q5048395	Q21102199
Q5049050	Q21100549
Q5156413	Q21428294
Q5185852	Q21113056
Q5513076	Q21118193
Q5513619	Q21116248
Q5513929	Q5613083
Q5513929	Q21106171
Q5514350	Q21119008
Q5864340	Q21123220
Q5864342	Q21115429
Q5864342	Q25106446
Q6047009	Q21106543
Q6393602	Q21113487
Q6591532	Q21109601
Q6715626	Q21121606
Q6720380	Q21120853
Q6947292	Q21122379
Q7115730	Q21112172
Q7117825	Q21120443
Q7118823	Q21123213
Q7199536	Q21124286
Q7278470	Q21126957
Q7390898	Q21127138
Q7391112	Q21119408
Q7391921	Q21106476
Q7392096	Q7560667
Q7394687	Q21112150
Q218706	Q25688296
Q288395	Q21119135
Q306540	Q12670362
Q306540	Q21097171
Q318896	Q21114643
Q318896	Q85952423
Q411008	Q21118820
Q415863	Q21123183
Q416336	Q16088630
Q416336	Q21101865
Q416345	Q21112059
Q417234	Q21116215
Q426181	Q21102470
Q426626	Q5737492
Q658983	Q21119726
Q699999	Q21097282
Q810010	Q21137556
Q905000	Q21106747
Q908765	Q4362147
Q908765	Q21120779
Q909425	Q21435797
Q1979313	Q21097391
Q2206154	Q14916338
Q2463389	Q21097220
Q2639180	Q21115001
Q3046953	Q21114876
Q3122831	Q21109499
Q3610562	Q21109782
Q3737532	Q21110749
Q3820749	Q21106471
Q4035578	Q21114017
Q21134063	Q21147414
Q21134509	Q97358377
Q21134657	Q7671074
Q21141045	Q4734894
Q21150595	Q21422546
Q21202199	Q65120630
Q21141644	Q21422624
Q21143725	Q21433665
Q7553281	Q21124403
Q7671094	Q21110292
Q7671239	Q21113488
Q7671466	Q21124323
Q7671477	Q21143170
Q7671478	Q21149742
Q7844741	Q21119594
Q7916455	Q21139834
Q9141217	Q4684713
Q9141217	Q18023968
Q9141217	Q21104955
Q9141217	Q66023293
Q12063746	Q21108166
Q12746120	Q21096248
Q21172663	Q85966774
Q21101882	Q21150585
Q21103404	Q5971731
Q21104663	Q96391203
Q21108504	Q5513628
Q21106077	Q65066663
Q21106490	Q4059409
Q21106859	Q5146065
Q21106978	Q21151965
Q21107490	Q28455828
Q22676875	Q1585635
Q22676988	Q424034
Q21134233	Q26700537
Q21134233	Q109311815
Q21139116	Q21431983
Q21140730	Q21422913
Q21143090	Q21174981
Q21146773	Q21436443
Q21147674	Q21433484
Q18063217	Q28864755
Q21106034	Q21130631
Q21106034	Q21203958
Q22676633	Q109038183
Q21115156	Q6948002
Q21116062	Q6046950
Q21116933	Q77046041
Q21113013	Q21141650
Q21117765	Q21433420
Q21117824	Q21434735
Q21118203	Q21141662
Q21118358	Q5635974
Q21118931	Q6393612
Q21119449	Q1714113
Q21119449	Q21137195
Q21119993	Q7834573
Q21113423	Q2931189
Q21113975	Q5009608
Q21121672	Q96391208
Q21133604	Q3508183
Q24190	Q21123141
Q155750	Q98094637
Q161537	Q5834615
Q161537	Q21106161
Q315860	Q66590057
Q356093	Q86004364
Q408853	Q21116497
Q408853	Q67791843
Q412228	Q12521623
Q415443	Q21114907
Q415443	Q29314425
Q418404	Q21111904
Q419531	Q3064155
Q420766	Q21438438
Q422579	Q10357987
Q423107	Q3400582
Q423107	Q24781817
Q423107	Q66563466
Q424374	Q21118061
Q424374	Q109257306
Q424693	Q21120781
Q426334	Q21117493
Q903637	Q21119275
Q993804	Q10354534
Q1032902	Q21123588
Q1056532	Q14880378
Q1499996	Q21110754
Q1499998	Q21116935
Q1622348	Q21114008
Q1668565	Q21120106
Q1998562	Q21114020
Q2004050	Q21113508
Q2271947	Q21110876
Q2472777	Q21112710
Q2514134	Q21113822
Q2745522	Q21116127
Q3019283	Q21112575
Q3062781	Q21116170
Q3122834	Q3408207
Q3122834	Q21120409
Q3124896	Q15333144
Q3124896	Q21120618
Q3124896	Q84860989
Q3235015	Q21108224
Q3266424	Q7187442
Q21137667	Q21433597
Q21150548	Q21436595
Q21150920	Q21438152
Q3547204	Q21123551
Q3776878	Q21113918
Q3782045	Q21101774
Q4035572	Q21111917
Q4046188	Q21118386
Q4140229	Q21107413
Q4201963	Q21107769
Q4316429	Q21123625
Q4650077	Q21113664
Q4650907	Q21110399
Q4652602	Q21111343
Q4897230	Q21125291
Q5009352	Q21416540
Q5009623	Q21113925
Q5009806	Q21118435
Q5009843	Q21100597
Q5014193	Q21118047
Q5014546	Q14908015
Q5014546	Q21114215
Q5014872	Q21107057
Q5014879	Q21110953
Q5014879	Q100261325
Q5044071	Q21106905
Q5047347	Q21117320
Q5049051	Q12856794
Q5062977	Q21109721
Q5145901	Q21106847
Q5198251	Q21147902
Q5248822	Q21110823
Q5255119	Q97585497
Q5259531	Q22680313
Q5324491	Q21116555
Q5426937	Q21108607
Q5512833	Q21097471
Q5630190	Q21117988
Q5630194	Q21118010
Q5768397	Q21119127
Q6393598	Q21115041
Q6393627	Q21122199
Q6449562	Q21108782
Q6485957	Q21100843
Q6594108	Q21110971
Q6714499	Q21114918
Q6717781	Q21122990
Q6718311	Q21117545
Q6720421	Q21116018
Q6917574	Q21109432
Q7117832	Q21110451
Q7120338	Q21108521
Q7120997	Q21097270
Q7120997	Q74663360
Q21139123	Q21421353
Q21139631	Q21418875
Q21140268	Q21438647
Q21140856	Q21171829
Q7389439	Q21127165
Q7669284	Q21115860
Q7671460	Q21120444
Q7861685	Q21172675
Q8063006	Q21124740
Q8063257	Q21137428
Q9081246	Q21109302
Q11694893	Q21117649
Q11913806	Q21100562
Q14878332	Q21123191
Q21204373	Q29475623
Q21097409	Q21142933
Q21100818	Q7394599
Q21100846	Q66309943
Q21107439	Q5277325
Q21107772	Q4052539
Q21108146	Q15833221
Q21108707	Q5628781
Q21105313	Q21117854
Q14912882	Q21120892
Q21979447	Q21140345
Q21109218	Q4836332
Q22680035	Q22911486
Q170617	Q6759560
Q170617	Q7248360
Q170617	Q12425064
Q170617	Q12822510
Q170617	Q12957272
Q170617	Q20816878
Q170617	Q65255882
Q170617	Q117014306
Q409489	Q10501805
Q409489	Q21124495
Q6590402	Q21174973
Q424401	Q21431296
Q424401	Q85978228
Q21124097	Q21174836
Q21124897	Q24770689
Q21111685	Q3875053
Q21112455	Q21481586
Q21112631	Q55604052
Q123045	Q85973394
Q192191	Q14820586
Q192191	Q25600572
Q192191	Q66023828
Q246978	Q16670626
Q246978	Q21121819
Q288797	Q21115047
Q408154	Q7120137
Q21114375	Q21137038
Q21134233	Q26700537
Q21134233	Q109311815
Q21135167	Q96411988
Q21135661	Q29475200
Q21112956	Q5049054
Q21113119	Q5014886
Q21113917	Q5009618
Q21113920	Q5009619
Q21117068	Q21152175
Q21117599	Q21135984
Q21117666	Q21436510
Q21117696	Q21419367
Q21117711	Q21435789
Q21117820	Q21433472
Q21117899	Q21438244
Q21117916	Q21433564
Q21139116	Q21431983
Q21136967	Q21426687
Q21137141	Q21431315
Q21140730	Q21422913
Q21150228	Q21436515
Q21119425	Q6953614
Q21142228	Q21426385
Q408476	Q21111616
Q409106	Q21119886
Q409423	Q14864673
Q409867	Q21118345
Q414964	Q21113205
Q414992	Q10336466
Q414992	Q21120138
Q415227	Q5630685
Q415227	Q21119072
Q416227	Q21110559
Q421793	Q21103112
Q424709	Q3451891
Q425360	Q5854406
Q515530	Q21121664
Q648343	Q21108205
Q891874	Q21430316
Q21120485	Q21149519
Q21121519	Q19843706
Q21121739	Q55625506
Q21122196	Q7670170
Q21122209	Q33093762
Q21143090	Q21174981
Q21146773	Q21436443
Q21147674	Q21433484
Q21173458	Q5205922
Q15327766	Q21111877
Q21100491	Q19903599
Q21100507	Q60741258
Q21100897	Q29475485
Q5156411	Q21100909
Q5173210	Q21105260
Q5205645	Q21124084
Q5253642	Q21101008
Q5323620	Q21111246
Q5323621	Q21111305
Q5323622	Q21111304
Q5385169	Q21119286
Q5513080	Q21106154
Q5514296	Q21108694
Q5514413	Q77038961
Q5514576	Q21109262
Q5520267	Q21114533
Q5572421	Q21114336
Q5572591	Q21124589
Q5630193	Q21117997
Q5631153	Q21120621
Q5639104	Q6047013
Q5639104	Q21113431
Q5804957	Q21102574
Q5864338	Q21123245
Q6055401	Q21125881
Q6332764	Q21121511
Q6393594	Q21117040
Q6449560	Q21108784
Q6658210	Q21112260
Q6720415	Q21121709
Q6748237	Q21118876
Q7068191	Q14914605
Q7118116	Q21101943
Q7250440	Q21124818
Q7251483	Q21114063
Q7611614	Q21109018
Q7670160	Q21109251
Q7670615	Q21120958
Q7840697	Q21125097
Q7861688	Q21103067
Q7905828	Q21102172
Q7953610	Q21123975
Q12752330	Q21428401
Q14864310	Q21113480
Q906904	Q21115369
Q986112	Q21112078
Q1147372	Q2070585
Q1316030	Q18373522
Q1417916	Q21112972
Q1498674	Q21114059
Q1500001	Q21116960
Q1552797	Q21119032
Q1754323	Q21107897
Q1759126	Q21107907
Q2005191	Q21101575
Q2007821	Q21123340
Q2007821	Q58518683
Q2477760	Q21117875
Q3271551	Q21134230
Q3454531	Q10357994
Q3454531	Q21436448
Q3459294	Q21111390
Q3631924	Q21106689
Q3737406	Q21110734
Q3943776	Q14900993
Q4039104	Q21109344
Q4051790	Q21115600
Q4201946	Q4052537
Q4201948	Q21119181
Q4201950	Q21107777
Q4649887	Q21115174
Q4650057	Q21108028
Q4650058	Q21115234
Q4650906	Q21115376
Q4654858	Q21116851
Q4812916	Q21097426
Q5009787	Q21113164
Q5011187	Q21120090
Q5014889	Q21113157
Q5014957	Q21110737
Q5141482	Q21421136
Q21103440	Q5657575
Q21104660	Q6717124
Q21106034	Q21130631
Q21106034	Q21203958
Q14878193	Q21108322
Q14905310	Q15996782
Q14905310	Q21107996
Q14914534	Q21103346
Q15312372	Q21124091
Q21174990	Q7392144
Q21110095	Q21140299
Q21110685	Q21150438
Q21111011	Q55613569
Q21101211	Q15997283
Q21103058	Q21137523
Q21133444	Q21141154
Q21133712	Q85776671
Q21106404	Q7670080
Q21109233	Q21141337
Q22683586	Q1473401
Q22683586	Q22675464
Q22676633	Q109038183
Q18049227	Q21072676
Q18049890	Q18390607
